Metric,Value
Precision@5,0.0020833333333333333
Recall@5,0.0005208333333333333
F1 Score,0.0008333333333333335
